{
    "juegos":[
            {
                "id":13,
                "titleGame": "Juego 1",
                "gameSubType": "Subcategoria 1",
                "codeType": "juego",
                "listOptions" : [{"id":1,"option":"background-color:red;","lista":1},
                {"id":2,"option":"background-color:red","lista":1},
                {"id":3,"option":"background-color:yellow;","lista":1},
                {"id":4,"option":"border:4px block-end-width;","lista":1},
                {"id":5,"option":"border:4px solid blue;","lista":1},
                {"id":6,"option":"border:4px solid blue","lista":1}],
                "listCorrect" : ["background-color:red;","border:4px solid blue;"],
                "listAyuda" : ["/*color rojo*/","/*borde azul 4px*/"],
                "figuraHtml" : "<div class='square'></div>",
                "figuraCss" : ".square{width:100px;height:100px;background-color:red;border:4px solid blue;}",
                "codigo" : ".square{width:100px;height:100px;",
                "enunciadoGame" : "Reproduce en código css, lo que ves en el recuadro Figura: color de la figura y borde de la figura. Debes completar lo que falte del código que aparece en la pantalla Editor, eligiendo correctamente la respuesta del recuadro Opciones."
            },
            {
                "id":14,
                "titleGame": "Juego 2",
                "gameSubType": "Subcategoria 1",
                "codeType": "juego",
                "listOptions" : [{"id":1,"option":"background-color:red;","lista":1},
                {"id":2,"option":"background-color:red","lista":1},
                {"id":3,"option":"background-color:yellow;","lista":1},
                {"id":4,"option":"border:4px block-end-width;","lista":1},
                {"id":5,"option":"border:4px solid blue;","lista":1},
                {"id":6,"option":"border:4px solid blue","lista":1},
                {"id":7,"option":"border-radius:50%;","lista":1}],
                "listCorrect" : ["background-color:red;","border:4px solid blue;","border-radius:50%;"],
                "listAyuda" : ["/*color rojo*/","/*borde azul 4px*/","/*borde redondeado*/"],
                "figuraHtml" : "<div class='circle'></div>",
                "figuraCss" : ".circle{width:100px;height:100px;background-color:red;border:4px solid blue;border-radius:50%;}",
                "codigo" : ".square{width:100px;height:100px;",
                "enunciadoGame" : "Reproduce en código css, lo que ves en el recuadro Figura: color de la figura y borde de la figura. Debes completar lo que falte del código que aparece en la pantalla Editor, eligiendo correctamente la respuesta del recuadro Opciones."
            },
            {
                "id":15,
                "titleGame": "Juego 3",
                "gameSubType": "Subcategoria 2",
                "codeType": "juego",
                "listOptions" : [{"id":1,"option":"background-color:blue;","lista":1},
                {"id":2,"option":"background-color:red","lista":1},
                {"id":3,"option":"background-color:yellow;","lista":1},
                {"id":4,"option":"border:4px block-end-width;","lista":1},
                {"id":5,"option":"border:4px solid red;","lista":1},
                {"id":6,"option":"border:4px solid blue","lista":1}],
                "listCorrect" : ["background-color:blue;","border:4px solid red;"],
                "listAyuda" : ["/*color rojo*/","/*borde azul 4px*/"],
                "figuraHtml" : "<div class='square'></div>",
                "figuraCss" : ".square{width:100px;height:100px;background-color:blue;border:4px solid red;}",
                "codigo" : ".square{width:100px;height:100px;",
                "enunciadoGame" : "Reproduce en código css, lo que ves en el recuadro Figura: color de la figura y borde de la figura. Debes completar lo que falte del código que aparece en la pantalla Editor, eligiendo correctamente la respuesta del recuadro Opciones."
            }
        ]
    }